{
    "maintainers": [
        {
            "name": "Fabio Alessandro Locati",
            "github": "fale"
        }
    ],
    "sources": [
        {
            "name": "Campania-ANM",
            "type": "transitland-atlas",
            "transitland-atlas-id": "f-s-anm~it",
            "http-options": {
                "fetch-interval-days": 1
            }
        },
        {
            "name": "Campania-EAV",
            "type": "transitland-atlas",
            "transitland-atlas-id": "f-eave~wimob~it"
        },
        {
            "name": "Emilia-Romagna-TPER-Bologna",
            "type": "transitland-atlas",
            "transitland-atlas-id": "f-srb-tperspa~bologna"
        },
        {
            "name": "Emilia-Romagna-TPER-Ferrara",
            "type": "transitland-atlas",
            "transitland-atlas-id": "f-srb-tperspa~ferrara"
        },
        {
            "name": "Emilia-Romagna-TPER-BLQ-Airport",
            "type": "transitland-atlas",
            "transitland-atlas-id": "f-srbj1-tperspa~blq~aeroporto"
        },
        {
            "name": "Lazio-Rome",
            "type": "transitland-atlas",
            "transitland-atlas-id": "f-sr-atac~romatpl~trenitalia",
            "fix": true
        },
        {
            "name": "Lazio-Rome",
            "type": "transitland-atlas",
            "transitland-atlas-id": "f-sr-atac~romatpl~trenitalia~rt"
        },
        {
            "name": "Lazio-Cotral",
            "type": "transitland-atlas",
            "transitland-atlas-id": "f-cotral~lazio~italia",
            "fix": true
        },
        {
            "name": "Liguria-Genova",
            "type": "transitland-atlas",
            "transitland-atlas-id": "f-spyk-amtgenova",
            "fix": true
        },
        {
            "name": "Lombardia-AirPullman",
            "type": "transitland-atlas",
            "transitland-atlas-id": "f-airpullman~spa",
            "fix": true
        },
        {
            "name": "Lombardia-ATM",
            "type": "transitland-atlas",
            "transitland-atlas-id": "f-u0nd-comunedimilano",
            "fix": true
        },
        {
            "name": "Lombardia-Movibus",
            "type": "transitland-atlas",
            "transitland-atlas-id": "f-movibus~srl"
        },
        {
            "name": "Lombardia-NET",
            "type": "transitland-atlas",
            "transitland-atlas-id": "f-net~nord~est~trasporti"
        },
        {
            "name": "Lombardia-STAR",
            "type": "http",
            "license": {
                "spdx-identifier": "CC-BY-4.0"
            },
            "url": "https://usbshare.agenziatpl.it/index.php/s/7PrFyAHRrqnxKFj/download/2024-02-14_PMT.zip",
            "skip": true,
            "skip-reason": "Expired feed"
        },
        {
            "name": "Lombardia-STAV",
            "type": "transitland-atlas",
            "transitland-atlas-id": "f-stav~spa"
        },
        {
            "name": "Lombardia-Trenord",
            "type": "transitland-atlas",
            "transitland-atlas-id": "f-u0n-trenord",
            "http-options": {
                "fetch-interval-days": 2
            }
        },
        {
            "name": "Piemonte-Bus",
            "type": "transitland-atlas",
            "transitland-atlas-id": "f-u0j-piemonte~autobus",
            "fix": true
        },
        {
            "name": "Piemonte-Gruppo-Torinese-Trasporti",
            "type": "transitland-atlas",
            "transitland-atlas-id": "f-u0j-torino"
        },
        {
            "name": "Piemonte-Trenitalia",
            "type": "transitland-atlas",
            "transitland-atlas-id": "f-u0j-trenitalia"
        },
        {
            "name": "Puglia-Bari",
            "type": "http",
            "url": "http://www.amtabservizio.it/gtfs/google_transit.zip",
            "license": {
                "spdx-identifier": "CC-BY-4.0"
            },
            "fix": true
        },
        {
            "name": "Ferrovie-del-Nord-Barese",
            "type": "transitland-atlas",
            "transitland-atlas-id": "f-sr7f-ferrotramviariaspa~ferroviedelnordbarese"
        },
        {
            "name": "Puglia-Brindisi",
            "type": "transitland-atlas",
            "transitland-atlas-id": "f-s-societàtrasportipubblicibrindisi~brindisi"
        },
        {
            "name": "Puglia-Brindisi-Extraurbano",
            "type": "transitland-atlas",
            "transitland-atlas-id": "f-s-societàtrasportipubblicibrindisi~extraurbano"
        },
        {
            "name": "Puglia-Brindisi-Francavilla",
            "type": "transitland-atlas",
            "transitland-atlas-id": "f-s-societàtrasportipubblicibrindisi~francavilla"
        },
        {
            "name": "Puglia-Brindisi-Ostuni",
            "type": "transitland-atlas",
            "transitland-atlas-id": "f-s-societàtrasportipubblicibrindisi~ostuni"
        },
        {
            "name": "Puglia-Lecce",
            "type": "transitland-atlas",
            "transitland-atlas-id": "f-srhv-sgmspa",
            "fix": true
        },
        {
            "name": "Sardegna-Contributate",
            "type": "transitland-atlas",
            "transitland-atlas-id": "f-spn-asara~atzeni~murgiaautolinee~baireautolinee~autolineedelgo",
            "fix": true
        },
        {
            "name": "Sardegna-ARST",
            "type": "transitland-atlas",
            "transitland-atlas-id": "f-s-arstspa~trasportiregionalidellasardegna"
        },
        {
            "name": "Sardegna-ASPO-Olbia",
            "type": "http",
            "url": "https://www.aspo.it/wp-content/uploads/open_data.zip",
            "license": {
                "spdx-identifier": "CC-BY-4.0"
            }
        },
        {
            "name": "Sardegna-ATP-Nuoro",
            "type": "transitland-atlas",
            "transitland-atlas-id": "f-s-atpnuoro"
        },
        {
            "name": "Sardegna-ATP-Sassari",
            "type": "transitland-atlas",
            "transitland-atlas-id": "f-spnp-atpsassari"
        },
        {
            "name": "Sardegna-CTM",
            "type": "transitland-atlas",
            "transitland-atlas-id": "f-snyr-ctmspa~cagliari"
        },
        {
            "name": "Sardegna-Ferries-Collegamenti-marittimi-Corsica",
            "type": "http",
            "url": "https://www.sardegnamobilita.it/opendata/R_SARDEGTRASP_00010_1_dati_mare_corsica.zip",
            "license": {
                "spdx-identifier": "CC-BY-4.0"
            }
        },
        {
            "name": "Sardegna-Ferries-Collegamenti-isole-minori",
            "type": "http",
            "url": "https://www.sardegnamobilita.it/opendata/R_SARDEGTRASP_00006_1_dati_mare.zip",
            "fix": true,
            "license": {
                "spdx-identifier": "CC-BY-4.0"
            }
        },
        {
            "name": "Sardegna-Planes-Cagliari-Airport",
            "type": "http",
            "url": "https://www.sardegnamobilita.it/opendata/R_SARDEGTRASP_00030_10_cagliari_timetable.zip",
            "license": {
                "spdx-identifier": "CC-BY-4.0"
            }
        },
        {
            "name": "Sardegna-Planes-Olbia-Airport",
            "type": "http",
            "url": "https://www.sardegnamobilita.it/opendata/R_SARDEGTRASP_00025_10_olbia_timetable.zip",
            "license": {
                "spdx-identifier": "CC-BY-4.0"
            }
        },
        {
            "name": "Sardegna-Trenitalia",
            "type": "transitland-atlas",
            "transitland-atlas-id": "f-spn-trenitalia"
        },
        {
            "name": "Toscana-Autolinee-LineeRegionali",
            "type": "transitland-atlas",
            "transitland-atlas-id": "f-s-lineeregionali"
        },
        {
            "name": "Toscana-Autolinee-Poggibonsi",
            "type": "transitland-atlas",
            "transitland-atlas-id": "f-spx-serviziareapoggibonsi"
        },
        {
            "name": "Toscana-Autolinee-ServiziSostitutiviFerrovie",
            "type": "transitland-atlas",
            "transitland-atlas-id": "f-s-servizisostitutiviferro"
        },
        {
            "name": "Toscana-GEST",
            "type": "transitland-atlas",
            "transitland-atlas-id": "f-s-gest"
        },
        {
            "name": "Toscana-TFT",
            "type": "transitland-atlas",
            "transitland-atlas-id": "f-sr-tft"
        },
        {
            "name": "Toscana-Toremar",
            "type": "transitland-atlas",
            "transitland-atlas-id": "f-spx-toremartoscanaregionalemarittimaspa"
        },
        {
            "name": "Toscana-Trenitalia",
            "type": "transitland-atlas",
            "transitland-atlas-id": "f-sp-trenitaliaspa"
        },
        {
            "name": "Toscana-Valdarno",
            "type": "transitland-atlas",
            "transitland-atlas-id": "f-sr-urbanointercomunalevaldarnoaretino"
        },
        {
            "name": "Toscana-Arezzo-Extraurbano",
            "type": "transitland-atlas",
            "transitland-atlas-id": "f-s-extraurbanoarezzo"
        },
        {
            "name": "Toscana-Arezzo-Extraurbano-Casentino-EMG",
            "type": "transitland-atlas",
            "transitland-atlas-id": "f-sr-emgextraurbanounionecomunidelcasentino"
        },
        {
            "name": "Toscana-Arezzo-Extraurbano-CivitellaValChiana-EMG",
            "type": "transitland-atlas",
            "transitland-atlas-id": "f-sr8-emgextraurbanocivitellainvaldichiana"
        },
        {
            "name": "Toscana-Arezzo-Urbano",
            "type": "transitland-atlas",
            "transitland-atlas-id": "f-sr8-urbanoarezzo"
        },
        {
            "name": "Toscana-Grosseto-Extraurbano",
            "type": "transitland-atlas",
            "transitland-atlas-id": "f-s-extraurbanogrosseto"
        },
        {
            "name": "Toscana-Grosseto-Urbano",
            "type": "transitland-atlas",
            "transitland-atlas-id": "f-spxg-urbanogrosseto"
        },
        {
            "name": "Toscana-Grosseto-Urbano-Follonica",
            "type": "transitland-atlas",
            "transitland-atlas-id": "f-spxs-urbanofollonica"
        },
        {
            "name": "Toscana-Firenze-Extraurbano",
            "type": "transitland-atlas",
            "transitland-atlas-id": "f-s-extraurbanofirenze"
        },
        {
            "name": "Toscana-AT",
            "type": "transitland-atlas",
            "transitland-atlas-id": "f-srb-atnonscolastico",
            "skip": true,
            "skip-reason": "Expired feed"
        },
        {
            "name": "Toscana-AT-Scolatico",
            "type": "transitland-atlas",
            "transitland-atlas-id": "f-s-atscolastico",
            "skip": true,
            "skip-reason": "Expired feed"
        },
        {
            "name": "Toscana-Colbus",
            "type": "transitland-atlas",
            "transitland-atlas-id": "f-s-colbusnonscolastico",
            "skip": true,
            "skip-reason": "Expired feed"
        },
        {
            "name": "Toscana-Colbus-Scolatico",
            "type": "transitland-atlas",
            "transitland-atlas-id": "f-s-colbusscolastico",
            "skip": true,
            "skip-reason": "Expired feed"
        },
        {
            "name": "Toscana-Extraurbano-Debole",
            "type": "transitland-atlas",
            "transitland-atlas-id": "f-sp-deboleextraurbanocev"
        },
        {
            "name": "Toscana-Extraurbano-Empoli",
            "type": "transitland-atlas",
            "transitland-atlas-id": "f-sp-extraurbanoempolesevaldelsa"
        },
        {
            "name": "Toscana-Firenze-Urbano",
            "type": "transitland-atlas",
            "transitland-atlas-id": "f-s-urbanoareametropolitanafiorentina"
        },
        {
            "name": "Toscana-Urbano-Certaldo",
            "type": "transitland-atlas",
            "transitland-atlas-id": "f-spxz-urbanocertaldo"
        },
        {
            "name": "Toscana-Urbano-Empoli",
            "type": "transitland-atlas",
            "transitland-atlas-id": "f-spz-urbanoempoli"
        },
        {
            "name": "Toscana-Urbano-Volterra-EMG",
            "type": "transitland-atlas",
            "transitland-atlas-id": "f-spxw-emgurbanovolterra"
        },
        {
            "name": "Toscana-Livorno-Extraurbano",
            "type": "transitland-atlas",
            "transitland-atlas-id": "f-sp-extraurbanolivorno"
        },
        {
            "name": "Toscana-Livorno-Extraurbano-Debole",
            "type": "transitland-atlas",
            "transitland-atlas-id": "f-sp-deboleextraurbanolivorno"
        },
        {
            "name": "Toscana-Livorno-Urbano",
            "type": "transitland-atlas",
            "transitland-atlas-id": "f-sp-urbanolivorno"
        },
        {
            "name": "Toscana-Livorno-Urbano-Cecina",
            "type": "transitland-atlas",
            "transitland-atlas-id": "f-spx-urbanocecina"
        },
        {
            "name": "Toscana-Livorno-Urbano-Piombino",
            "type": "transitland-atlas",
            "transitland-atlas-id": "f-spx-urbanopiombino"
        },
        {
            "name": "Toscana-Livorno-Urbano-Portoferraio",
            "type": "transitland-atlas",
            "transitland-atlas-id": "f-spx7-urbanoportoferraio"
        },
        {
            "name": "Toscana-Livorno-Urbano-RosignanoMarittimo",
            "type": "transitland-atlas",
            "transitland-atlas-id": "f-spx-urbanorosignanomarittimo"
        },
        {
            "name": "Toscana-Lucca-Extraurbano",
            "type": "transitland-atlas",
            "transitland-atlas-id": "f-spz-extraurbanolucca"
        },
        {
            "name": "Toscana-Lucca-Extraurbano-EMG",
            "type": "transitland-atlas",
            "transitland-atlas-id": "f-spz-emgextraurbanolucca"
        },
        {
            "name": "Toscana-Lucca-Urbano",
            "type": "transitland-atlas",
            "transitland-atlas-id": "f-spz-urbanolucca"
        },
        {
            "name": "Toscana-Lucca-Urbano-Viareggio",
            "type": "transitland-atlas",
            "transitland-atlas-id": "f-spz3-urbanoviareggio"
        },
        {
            "name": "Toscana-MassaCarrara-Extraurbano",
            "type": "transitland-atlas",
            "transitland-atlas-id": "f-sp-extraurbanomassacarrara"
        },
        {
            "name": "Toscana-MassaCarrara-Extraurbano-EMG",
            "type": "transitland-atlas",
            "transitland-atlas-id": "f-sp-emgextraurbanomassacarrara"
        },
        {
            "name": "Toscana-MassaCarrara-Urbano",
            "type": "transitland-atlas",
            "transitland-atlas-id": "f-spz4-urbanomassaecarrara"
        },
        {
            "name": "Toscana-MassaCarrara-Urbano-Carrara",
            "type": "transitland-atlas",
            "transitland-atlas-id": "f-spz4-urbanocarrara"
        },
        {
            "name": "Toscana-MassaCarrara-Urbano-Massa",
            "type": "transitland-atlas",
            "transitland-atlas-id": "f-spz-urbanomassa"
        },
        {
            "name": "Toscana-Pisa-Extraurbano",
            "type": "transitland-atlas",
            "transitland-atlas-id": "f-sp-extraurbanopisa"
        },
        {
            "name": "Toscana-Pisa-Extraurbano-EMG",
            "type": "transitland-atlas",
            "transitland-atlas-id": "f-sp-emgextraurbanopisa"
        },
        {
            "name": "Toscana-Pisa-Urbano",
            "type": "transitland-atlas",
            "transitland-atlas-id": "f-sp-urbanopisa"
        },
        {
            "name": "Toscana-Pisa-Urbano-Debole",
            "type": "transitland-atlas",
            "transitland-atlas-id": "f-spz-deboleurbanopisa"
        },
        {
            "name": "Toscana-Pisa-Urbano-Pontedera-EMG",
            "type": "transitland-atlas",
            "transitland-atlas-id": "f-spz8-emgurbanopontedera"
        },
        {
            "name": "Toscana-Pisa-Urbano-SanMiniato-EMG",
            "type": "transitland-atlas",
            "transitland-atlas-id": "f-spz8-emgurbanosanminiato"
        },
        {
            "name": "Toscana-Pistoia-Extraurbano",
            "type": "transitland-atlas",
            "transitland-atlas-id": "f-spz-extraurbanopistoia"
        },
        {
            "name": "Toscana-Pistoia-Extraurbano-Debole",
            "type": "transitland-atlas",
            "transitland-atlas-id": "f-spz-deboleextraurbanopistoia"
        },
        {
            "name": "Toscana-Pistoia-Urbano",
            "type": "transitland-atlas",
            "transitland-atlas-id": "f-spz-urbanopistoia"
        },
        {
            "name": "Toscana-Pistoia-Urbano-MontecatiniTerme",
            "type": "transitland-atlas",
            "transitland-atlas-id": "f-spz9-urbanomontecatiniterme"
        },
        {
            "name": "Toscana-Pistoia-Urbano-Pescia",
            "type": "transitland-atlas",
            "transitland-atlas-id": "f-spz9-urbanopescia"
        },
        {
            "name": "Toscana-Prato-Extraurbano",
            "type": "transitland-atlas",
            "transitland-atlas-id": "f-spz-extraurbanoprato"
        },
        {
            "name": "Toscana-Prato-Extraurbano-Debole",
            "type": "transitland-atlas",
            "transitland-atlas-id": "f-spz-deboleextraurbanoprato"
        },
        {
            "name": "Toscana-Prato-Urbano",
            "type": "transitland-atlas",
            "transitland-atlas-id": "f-spzc-urbanoprato"
        },
        {
            "name": "Toscana-Siena-Extraurbano",
            "type": "transitland-atlas",
            "transitland-atlas-id": "f-s-extraurbanosiena"
        },
        {
            "name": "Toscana-Siena-Extraurbano-EMG",
            "type": "transitland-atlas",
            "transitland-atlas-id": "f-sr8-emgextraurbanosiena"
        },
        {
            "name": "Toscana-Siena-Urbano",
            "type": "transitland-atlas",
            "transitland-atlas-id": "f-sr8n-urbanosiena"
        },
        {
            "name": "Toscana-Siena-Urbano-ChiancianoTerme",
            "type": "transitland-atlas",
            "transitland-atlas-id": "f-sr8k-urbanochiancianoterme"
        },
        {
            "name": "Toscana-Siena-Urbano-Chiusi",
            "type": "transitland-atlas",
            "transitland-atlas-id": "f-sr8-urbanochiusi"
        },
        {
            "name": "Toscana-Siena-Urbano-ColleValDElsa",
            "type": "transitland-atlas",
            "transitland-atlas-id": "f-spx-urbanocollevaldelsa"
        },
        {
            "name": "Toscana-Siena-Urbano-Montepulciano",
            "type": "transitland-atlas",
            "transitland-atlas-id": "f-sr8m-urbanomontepulciano"
        },
        {
            "name": "Toscana-Siena-Urbano-SanGimignano",
            "type": "transitland-atlas",
            "transitland-atlas-id": "f-spx-urbanosangimignano"
        },
        {
            "name": "Trentino-Extraurbano",
            "type": "transitland-atlas",
            "transitland-atlas-id": "f-u0p-trentinotrasportieserciziospa"
        },
        {
            "name": "Trentino-Urbano",
            "type": "transitland-atlas",
            "transitland-atlas-id": "f-u0pv-ttesercizio",
            "fix": true
        },
        {
            "name": "Veneto-Venezia-Bus",
            "type": "transitland-atlas",
            "transitland-atlas-id": "f-u20-actvspa"
        },
        {
            "name": "Veneto-Venezia-Ferries",
            "type": "transitland-atlas",
            "transitland-atlas-id": "f-u20f-actvspa"
        }
    ]
}
